{
  "project_info": {
    "project_number": "1065836624427",
    "project_id": "chatapp-8ed40",
    "storage_bucket": "chatapp-8ed40.appspot.com"
  },
  "client": [
    {
      "client_info": {
        "mobilesdk_app_id": "1:1065836624427:android:4c05d20a3e1551ea7f886e",
        "android_client_info": {
          "package_name": "com.example.chatapp"
        }
      },
      "oauth_client": [
        {
          "client_id": "1065836624427-eik5fqipkubahnr1iaa64a8jqm5e44m9.apps.googleusercontent.com",
          "client_type": 3
        }
      ],
      "api_key": [
        {
          "current_key": "AIzaSyBt4I08089hPJo8XBtdKPkgjiVvyRqJm94"
        }
      ],
      "services": {
        "appinvite_service": {
          "other_platform_oauth_client": [
            {
              "client_id": "1065836624427-eik5fqipkubahnr1iaa64a8jqm5e44m9.apps.googleusercontent.com",
              "client_type": 3
            }
          ]
        }
      }
    }
  ],
  "configuration_version": "1"
}